size,algorithm,build_time_s,avg_query_s
1000,TF-IDF,0.4847447872161865,0.0020954132080078123
1000,BM25,0.0893411636352539,0.0057861566543579105
1000,SBERT,60.58043837547302,0.026886816024780272
10000,TF-IDF,8.365964412689209,0.042615137100219726
10000,BM25,1.8672714233398438,0.13955196380615234
10000,SBERT,377.78563690185547,0.028468484878540038
